pt_id;id;sport;age;sex;rs1815739;rs17602729;rs2242446;rs6265;rs4680;rs1042714;rs8192678;rs1051730;rs1800497;rs28363170;rs774676466;synonims;stai_state_anxiety;stai_trait_anxiety;dass_stress;dass.anexiety;dass_depression;bfi_extra;bfi_extra_comm;bfi_extra_persistance;bfi_extra_energy;bfi_friend;bfi_friend_empathy;bfi_friend.respect;bfi_friend.trust;bfi_cons;bfi_cons_org;bfi_cons_producivity;bfi_cons_reliability;bfi_neg;bfi_neg_anexiety;bfi_neg_depression;dfi_neg_emo;bfi_open;bfi_open_curiosity;bfi_open_estetics;bfi_open_creativity;rs1815739_g;rs17602729_g;rs6265_g;rs1042714_g;rs8192678_g;rs1051730_g;rs1800497_g;rs28363170_g;rs774676466_g;rs2242446_g;rs4680_g;dop;state_anxiety;d_rs6265;trait_anxiety;d_rs8192678;d_rs17602729
1;9242224335;Science;52;Female;CA;GG;CT;CC;GG;GC;CC;AA;AA;LL;LS;61;27;39;12;2;10;67;100;44;56;75;81;62;81;73;69;94;56;65;69;44;81;79;62;81;94;1;0;1;1;1;1;1;1;1;1;1;3;Low;CC;Low/Medium;CC;GG
2;9282313188;Science;60;Male;CA;GG;CC;CC;GA;CC;CC;GA;GA;LL;LL;60;30;32;4;4;8;75;75;75;75;62;62;75;50;50;37;62;50;25;50;12;12;54;50;62;50;0;0;0;0;0;0;0;0;0;0;0;0;Low;CC;Low/Medium;CC;GG
3;9119913224;Science;38;Male;CA;GG;CC;CT;GA;CC;CC;AA;AA;LS;SS;71;29;35;8;4;6;62;62;56;69;71;87;62;62;52;25;56;75;27;31;12;37;96;100;94;94;2;0;2;2;2;2;2;2;2;2;2;6;Low;CT/TT;Low/Medium;CC;GG
4;9384601153;Science;42;Male;CA;GA;CC;CC;AA;GC;CT;AA;AA;LS;SS;73;31;33;8;4;8;50;62;37;50;83;100;62;87;62;50;37;100;33;50;37;12;79;75;75;87;2;1;2;2;2;2;2;2;2;2;2;6;Medium/High;CC;Low/Medium;CT/TT;GA/AA
5;9091774277;Science;32;Male;CA;GG;CC;CT;GG;CC;CC;AA;AA;LS;LL;46;22;25;10;0;0;92;75;100;100;83;100;100;50;100;100;100;100;4;0;12;0;92;100;100;75;0;0;0;0;0;0;0;0;0;0;0;0;Low;CT/TT;Low/Medium;CC;GG
6;9771035764;Science;29;Female;AA;GA;CT;CC;GA;CC;CC;AA;AA;LS;LS;58;48;38;16;6;6;79;50;87;100;71;75;62;75;67;37;100;62;58;87;37;50;96;100;100;87;1;1;1;1;1;1;1;1;1;1;1;3;Medium/High;CC;Low/Medium;CC;GA/AA
7;9110048569;Science;31;Male;CA;GA;CC;CT;AA;GC;CT;AA;AA;LL;LS;41;35;38;22;4;10;58;62;69;44;58;62;56;56;71;81;56;75;52;56;25;75;65;69;44;81;1;1;1;1;1;1;1;1;1;1;1;3;Medium/High;CT/TT;Low/Medium;CT/TT;GA/AA
8;9516846989;Science;27;Male;CA;GA;CT;CT;GA;CC;CT;AA;AA;LS;SS;63;50;54;26;10;24;29;12;37;37;46;62;37;37;54;50;62;50;79;75;87;75;71;87;62;62;2;1;2;2;2;2;2;2;2;2;2;6;Medium/High;CT/TT;High;CT/TT;GA/AA
11;9856660235;Science;26;Male;AA;GG;CC;CC;AA;CC;CT;AA;GA;LS;SS;62;26;31;0;2;4;83;100;62;87;42;62;37;25;92;100;75;100;4;12;0;0;83;100;87;62;2;0;2;2;2;2;2;2;2;2;2;6;Low;CC;Low/Medium;CT/TT;GG
12;9236722431;Science;25;Female;CA;GG;CC;CT;GA;GC;CC;GA;AA;LS;LS;62;24;47;28;16;10;83;87;87;75;58;75;62;37;42;25;37;62;58;75;25;75;79;75;87;75;1;0;1;1;1;1;1;1;1;1;1;3;Low;CT/TT;High;CC;GG
14;9687160023;Science;57;Male;CA;GA;CC;TT;GA;GC;CT;AA;AA;LS;LS;70;34;37;28;16;10;96;87;100;10;83;94;87;69;100;100;100;100;0;0;0;0;90;75;94;100;1;1;1;1;1;1;1;1;1;1;1;3;Medium/High;CT/TT;Low/Medium;CT/TT;GA/AA
15;9951924783;Science;27;Female;CC;GG;CC;TT;AA;GG;CC;AA;AA;LS;LS;61;48;60;22;2;10;29;12;50;25;37;50;50;12;54;37;50;75;50;87;37;25;42;50;25;50;1;0;1;1;1;1;1;1;1;1;1;3;Medium/High;CT/TT;High;CC;GG
16;9814647678;Science;28;Female;CA;GG;CC;CT;GA;CC;CT;GG;AA;LS;LL;67;54;51;16;2;16;21;12;25;25;62;50;87;50;37;37;12;62;37;50;50;12;37;12;50;50;0;0;0;0;0;0;0;0;0;0;0;0;Medium/High;CT/TT;High;CT/TT;GG
17;9851504046;Science;33;Female;CA;GG;CC;CT;AA;GC;CT;AA;AA;LS;SS;54;33;41;18;8;10;29;12;50;25;37;50;50;12;54;37;50;75;50;87;37;25;42;50;25;50;2;0;2;2;2;2;2;2;2;2;2;6;Medium/High;CT/TT;Low/Medium;CT/TT;GG
18;9117001808;Science;40;Female;AA;GA;CC;CT;AA;GC;CC;AA;AA;LS;SS;59;45;48;24;2;10;69;19;100;87;48;94;31;19;87;69;94;100;65;62;75;56;81;56;87;100;2;1;2;2;2;2;2;2;2;2;2;6;Medium/High;CT/TT;High;CC;GA/AA
19;9137942420;Science;30;Female;CC;GG;CC;CC;GA;GC;CC;AA;AA;LL;LL;48;21;33;0;0;0;96;100;87;100;75;87;62;75;83;75;87;87;29;25;12;50;42;37;37;50;0;0;0;0;0;0;0;0;0;0;0;0;Low;CC;Low/Medium;CC;GG
20;9046336017;Science;28;Female;CC;GG;CC;CC;GA;CC;TT;GA;AA;LL;LL;72;41;44;8;4;2;62;62;50;75;96;100;87;100;79;50;87;100;42;75;25;25;83;87;75;87;0;0;0;0;0;0;0;0;0;0;0;0;Medium/High;CC;Low/Medium;NA;GG
21;9875558785;Science;49;Female;CC;GG;CC;TT;GA;GG;CC;AA;AA;LS;LS;83;55;53;12;8;14;15;0;12;31;65;44;100;50;67;62;56;81;29;25;50;12;52;56;50;50;1;0;1;1;1;1;1;1;1;1;1;3;Medium/High;CT/TT;High;CC;GG
22;9169739434;Science;33;Female;CC;GG;CC;CT;AA;GC;CT;GA;AA;LS;LS;57;39;38;14;2;12;40;31;31;56;90;94;100;75;83;87;75;87;37;56;44;12;65;69;87;37;1;0;1;1;1;1;1;1;1;1;1;3;Medium/High;CT/TT;Low/Medium;CT/TT;GG
23;9122185739;Science;36;Male;CA;GA;CT;CT;AA;CC;CT;AA;AA;LL;LL;64;32;34;14;4;6;42;12;50;62;60;56;81;44;96;100;87;100;42;44;50;31;87;87;100;75;0;1;0;0;0;0;0;0;0;0;0;0;Medium/High;CT/TT;Low/Medium;CT/TT;GA/AA
24;9990263319;Science;36;Male;CC;GG;CC;TT;GA;GC;CC;AA;AA;LL;LS;53;52;52;24;18;12;42;25;69;31;73;87;69;62;56;31;69;69;52;94;37;25;83;81;81;87;1;0;1;1;1;1;1;1;1;1;1;3;Medium/High;CT/TT;High;CC;GG
25;9145282331;Science;42;Female;CA;GG;CT;CT;GA;GC;CC;AA;AA;LL;SS;45;39;39;14;8;12;44;25;50;56;77;94;100;37;73;62;56;100;23;37;12;19;65;62;50;81;2;0;2;2;2;2;2;2;2;2;2;6;Medium/High;CT/TT;Low/Medium;CC;GG
26;9175102068;Science;34;Male;AA;GA;CT;CT;GA;GC;CT;AA;AA;LL;SS;58;50;35;12;4;10;62;25;87;75;46;37;50;50;92;100;87;87;33;50;37;12;83;100;62;87;2;1;2;2;2;2;2;2;2;2;2;6;Medium/High;CT/TT;Low/Medium;CT/TT;GA/AA
29;9198238969;Science;44;Female;AA;GA;CC;CT;GA;GC;CC;AA;AA;LS;SS;36;35;36;2;8;6;69;75;56;75;94;100;100;81;100;100;100;100;8;25;0;0;58;56;69;50;2;1;2;2;2;2;2;2;2;2;2;6;Medium/High;CT/TT;Low/Medium;CC;GA/AA
30;9961069868;Science;27;Female;CA;GG;CC;TT;GA;GC;TT;GA;AA;LL;SS;46;31;46;18;6;6;83;100;50;100;87;100;100;62;92;87;100;87;50;100;37;12;83;75;75;100;2;0;2;2;2;2;2;2;2;2;2;6;Medium/High;CT/TT;High;CT/TT;GG
31;9045526848;Science;29;Female;CA;GA;CC;CT;GA;CC;CT;AA;AA;LS;SS;60;47;66;34;20;26;67;62;75;62;58;87;62;25;33;50;25;25;87;87;75;100;50;37;25;87;2;1;2;2;2;2;2;2;2;2;2;6;Medium/High;CT/TT;High;CT/TT;GA/AA
32;9192394678;Science;25;Female;AA;GG;CC;CT;GA;GC;CT;AA;AA;LL;SS;59;42;33;14;6;10;73;62;75;81;60;87;44;50;92;87;87;100;29;25;44;19;71;87;75;50;2;0;2;2;2;2;2;2;2;2;2;6;Medium/High;CT/TT;Low/Medium;CT/TT;GG
33;9787029146;Science;36;Female;CA;GG;CC;CT;GG;GC;CT;GA;AA;LL;LL;73;34;45;14;10;12;42;12;50;62;79;81;87;69;94;94;87;100;46;69;37;31;75;94;62;69;0;0;0;0;0;0;0;0;0;0;0;0;Medium/High;CT/TT;High;CT/TT;GG
34;9231345505;Science;31;Male;CA;GG;CT;CT;GG;GG;CC;GA;AA;LL;LL;68;31;40;8;0;8;79;56;94;87;87;100;81;81;73;92;96;87;35;25;44;37;85;100;56;100;0;0;0;0;0;0;0;0;0;0;0;0;Medium/High;CT/TT;Low/Medium;CC;GG
35;9167224600;Science;32;Male;CA;GG;CT;CT;GA;GC;CC;GA;AA;LL;LL;56;26;30;16;8;6;87;87;94;81;79;100;81;56;94;100;81;100;29;31;25;31;90;87;94;87;0;0;0;0;0;0;0;0;0;0;0;0;Low;CT/TT;Low/Medium;CC;GG
36;9201492809;Science;26;Male;CC;GG;CC;CT;GA;GC;CT;GA;AA;LL;LS;59;33;35;12;18;2;77;75;75;81;87;100;75;87;79;56;81;100;29;56;12;19;75;50;81;94;1;0;1;1;1;1;1;1;1;1;1;3;Medium/High;CT/TT;Low/Medium;CT/TT;GG
37;9083865213;Science;38;Male;CC;GA;CC;TT;GA;GC;CT;AA;AA;LL;LS;46;28;45;18;8;10;100;100;100;100;58;87;50;37;87;87;100;75;46;75;50;12;79;62;87;87;1;1;1;1;1;1;1;1;1;1;1;3;Low;CT/TT;High;CT/TT;GA/AA
38;9963813810;Science;27;Male;CC;GG;CC;CT;GG;GC;CT;GA;AA;LS;LL;59;27;29;12;6;4;92;94;87;94;94;94;100;87;77;44;94;94;10;0;19;12;65;75;25;94;0;0;0;0;0;0;0;0;0;0;0;0;Low;CT/TT;Low/Medium;CT/TT;GG
40;9684682803;Science;29;Female;CC;GG;CC;CT;AA;GC;CC;AA;AA;LS;LL;77;25;31;10;8;4;79;56;94;87;87;94;94;75;90;94;81;94;2;0;6;0;94;94;87;100;0;0;0;0;0;0;0;0;0;0;0;0;Low;CT/TT;Low/Medium;CC;GG
45;9053172117;Science;41;Female;CC;GA;CC;CT;GG;GC;CC;AA;AA;LL;SS;62;35;43;10;8;4;69;69;75;62;75;81;62;81;58;31;62;81;50;62;31;56;65;62;50;81;2;1;2;2;2;2;2;2;2;2;2;6;Medium/High;CT/TT;Low/Medium;CC;GA/AA
46;9215716103;Science;32;Female;CA;GG;CT;CT;GA;CC;CT;GA;AA;LL;SS;61;38;31;8;4;12;33;31;19;50;71;69;81;62;73;94;50;75;19;6;37;12;71;75;81;56;2;0;2;2;2;2;2;2;2;2;2;6;Medium/High;CT/TT;Low/Medium;CT/TT;GG
49;9178883868;Science;33;Female;CA;GG;CC;CT;GA;GG;CC;GA;AA;LL;LS;52;20;32;10;0;6;56;50;56;62;79;69;81;87;62;62;50;75;27;31;25;25;54;37;44;81;1;0;1;1;1;1;1;1;1;1;1;3;Low;CT/TT;Low/Medium;CC;GG
50;9998357539;Science;25;Female;CA;GA;CC;CT;GG;GG;CC;GA;AA;LL;LS;68;40;41;26;16;16;62;50;87;50;75;100;50;75;62;75;62;50;62;75;62;50;83;87;87;75;1;1;1;1;1;1;1;1;1;1;1;3;Medium/High;CT/TT;Low/Medium;CC;GA/AA
51;9854567133;Science;33;Male;CA;GG;CC;CT;AA;GG;CC;GA;AA;LL;LS;64;40;38;18;6;4;77;94;81;56;48;62;44;37;44;6;62;62;54;56;31;75;81;69;75;100;1;0;1;1;1;1;1;1;1;1;1;3;Medium/High;CT/TT;Low/Medium;CC;GG
52;9140919127;Science;29;Male;CC;GG;CC;CT;GG;GG;CC;GA;AA;LL;LS;67;58;56;20;8;24;17;12;12;25;83;100;100;50;12;0;0;37;71;75;87;50;50;0;87;62;1;0;1;1;1;1;1;1;1;1;1;3;Medium/High;CT/TT;High;CC;GG
53;9112248838;Science;26;Female;CA;GG;CC;CT;GG;GC;CT;AA;AA;LL;LL;79;44;56;20;14;12;46;44;69;25;73;87;81;50;54;44;44;75;79;75;87;75;67;69;81;50;0;0;0;0;0;0;0;0;0;0;0;0;Medium/High;CT/TT;High;CT/TT;GG
54;9214467621;Science;25;Male;CA;GG;CC;CT;AA;CC;CT;AA;AA;LL;LL;58;31;38;16;16;18;46;37;50;50;62;75;87;25;62;37;87;62;37;50;37;25;62;75;87;25;0;0;0;0;0;0;0;0;0;0;0;0;Medium/High;CT/TT;Low/Medium;CT/TT;GG
55;9872872001;Science;30;Female;CC;GG;CT;CT;AA;GC;CT;GA;AA;LS;LL;60;41;39;12;10;10;56;62;50;56;58;50;75;50;62;62;50;75;50;50;37;62;60;56;69;56;0;0;0;0;0;0;0;0;0;0;0;0;Medium/High;CT/TT;Low/Medium;CT/TT;GG
56;9891639806;Science;43;Female;CC;GG;CC;CT;GA;GC;CC;AA;AA;LS;LL;66;34;40;16;10;2;54;62;31;69;94;94;94;94;65;56;37;100;60;62;44;75;60;62;25;94;0;0;0;0;0;0;0;0;0;0;0;0;Medium/High;CT/TT;Low/Medium;CC;GG
57;89058751102;Sport;41;Male;CA;GG;CC;CC;AA;CC;CT;GA;AA;LL;LS;NA;34;38;14;2;20;52;56;19;81;92;100;100;75;56;12;56;100;40;37;25;56;52;50;56;50;1;0;1;1;1;1;1;1;1;1;1;3;Medium/High;CC;Low/Medium;CT/TT;GG
58;89085070075;Sport;36;Male;CC;GG;CT;CT;GG;CC;CT;AA;AA;LL;LL;NA;20;23;0;0;2;75;62;62;100;67;100;25;75;92;75;100;100;8;0;0;25;67;62;100;37;0;0;0;0;0;0;0;0;0;0;0;0;Low;CT/TT;Low/Medium;CT/TT;GG
59;89140080580;Sport;40;Female;CC;GG;CT;CC;GG;GC;CC;AA;AA;LL;LL;NA;21;26;4;2;4;100;100;100;100;100;100;100;100;94;100;81;100;2;0;0;6;50;19;56;75;0;0;0;0;0;0;0;0;0;0;0;0;Low;CC;Low/Medium;CC;GG
60;89154940595;Sport;48;Male;AA;GA;CT;CT;AA;GC;CT;GA;AA;LL;SS;NA;53;51;14;4;6;58;56;50;69;60;75;69;37;67;87;37;75;65;75;44;75;52;69;31;56;2;1;2;2;2;2;2;2;2;2;2;6;Medium/High;CT/TT;High;CT/TT;GA/AA
61;89162560689;Sport;42;Female;CC;GG;CC;CC;GA;GC;CC;AA;AA;LS;LL;NA;33;36;12;4;2;85;81;75;100;98;100;100;94;98;100;94;100;17;31;6;12;81;94;75;75;0;0;0;0;0;0;0;0;0;0;0;0;Medium/High;CC;Low/Medium;CC;GG
62;89162808689;Sport;39;Male;CC;GG;CC;CT;GG;CC;CC;AA;AA;LL;LS;NA;22;25;14;0;4;83;69;100;81;73;94;87;37;79;62;81;94;8;0;12;12;83;94;100;56;1;0;1;1;1;1;1;1;1;1;1;3;Low;CT/TT;Low/Medium;CC;GG
64;89174311914;Sport;22;Male;CC;GG;CC;CT;GA;GC;CC;AA;AA;LL;SS;NA;22;23;6;0;0;75;87;50;87;73;75;81;62;96;87;100;100;8;6;19;0;52;81;37;37;2;0;2;2;2;2;2;2;2;2;2;6;Low;CT/TT;Low/Medium;CC;GG
65;89175479409;Sport;36;Male;CC;GA;CC;TT;GA;GC;TT;AA;AA;LS;LS;NA;34;37;14;6;8;77;56;81;94;73;87;87;44;85;56;100;100;35;50;25;31;100;100;100;100;1;1;1;1;1;1;1;1;1;1;1;3;Medium/High;CT/TT;Low/Medium;CT/TT;GA/AA
66;89184001216;Sport;39;Male;AA;GG;CC;TT;GG;GC;CC;GA;AA;LL;LS;NA;30;36;NA;NA;NA;69;50;75;81;62;62;56;69;85;62;100;94;19;12;25;19;60;69;31;31;1;0;1;1;1;1;1;1;1;1;1;3;Low;CT/TT;Low/Medium;CC;GG
67;89184012309;Sport;37;Female;CC;GG;CT;TT;GG;CC;CC;GA;AA;LL;LL;NA;32;34;4;10;2;69;62;69;75;77;87;94;50;69;81;44;81;44;62;31;37;77;62;87;81;0;0;0;0;0;0;0;0;0;0;0;0;Medium/High;CT/TT;Low/Medium;CC;GG
68;89184055548;Sport;40;Female;CC;GG;CT;CT;GG;GC;CC;AA;AA;LS;LL;NA;20;23;8;4;6;67;19;81;100;56;44;81;44;52;25;50;81;0;0;0;0;73;75;56;87;0;0;0;0;0;0;0;0;0;0;0;0;Low;CT/TT;Low/Medium;CC;GG
69;89184672282;Sport;44;Male;CA;GA;CC;TT;GA;GC;CC;GA;GA;LL;LS;NA;30;34;4;2;6;54;44;56;62;71;81;75;56;56;50;50;69;37;56;31;25;67;62;50;87;1;1;1;1;1;1;1;1;1;1;1;3;Low;CT/TT;Low/Medium;CC;GA/AA
70;89268806246;Sport;37;Female;CA;GA;CC;CC;GA;GC;CT;AA;AA;LL;LL;NA;50;38;16;2;6;77;50;81;100;85;100;75;81;69;50;56;100;50;81;19;50;71;69;75;69;0;1;0;0;0;0;0;0;0;0;0;0;Medium/High;CC;Low/Medium;CT/TT;GA/AA
71;89286664742;Sport;37;Female;CC;GG;CC;CT;GG;GC;TT;AA;AA;LL;LL;NA;31;43;10;2;10;60;50;50;81;81;94;81;69;85;87;81;87;46;69;56;12;67;50;87;62;0;0;0;0;0;0;0;0;0;0;0;0;Medium/High;CT/TT;Low/Medium;NA;GG
72;89299110206;Sport;21;Male;CC;GA;CC;CC;GG;GC;CT;GA;AA;LL;LL;NA;41;33;8;6;4;73;75;69;75;69;75;69;62;65;62;62;69;31;37;25;31;83;81;94;75;0;1;0;0;0;0;0;0;0;0;0;0;Medium/High;CC;Low/Medium;CT/TT;GA/AA
73;89519734737;Sport;35;Male;AA;GG;CC;CC;GG;GC;CT;GA;AA;LL;LL;NA;50;31;16;12;38;62;37;69;81;67;75;56;69;81;69;94;81;31;19;69;6;77;81;87;62;0;0;0;0;0;0;0;0;0;0;0;0;Medium/High;CC;Low/Medium;CT/TT;GG
74;89631854249;Sport;23;Female;AA;GG;CC;CT;GA;GC;CC;AA;AA;LL;LL;NA;41;41;10;12;8;75;62;94;69;69;75;87;44;94;81;100;100;42;62;25;37;79;81;81;75;0;0;0;0;0;0;0;0;0;0;0;0;Medium/High;CT/TT;Low/Medium;CC;GG
75;89673586260;Sport;22;Male;AA;GA;CC;CC;GA;GC;CT;AA;AA;LL;LS;NA;27;28;8;8;2;85;69;94;94;52;62;56;37;87;75;100;87;12;25;6;6;73;75;44;100;1;1;1;1;1;1;1;1;1;1;1;3;Low;CC;Low/Medium;CT/TT;GA/AA
76;89673292183;Sport;52;Male;AA;GG;CC;CT;GA;GC;CT;AA;AA;LL;SS;NA;35,01388889;38,02777778;8;0;2;71;75;50;87;42;75;25;25;71;75;50;87;67;75;75;50;67;75;75;50;2;0;2;2;2;2;2;2;2;2;2;6;Medium/High;CT/TT;Low/Medium;CT/TT;GG
77;89788555474;Sport;44;Female;CA;GG;CT;CC;GA;GG;TT;AA;AA;LL;LS;NA;24;37;4;6;4;75;56;94;75;69;56;94;56;90;94;87;87;15;0;25;19;96;94;94;100;1;0;1;1;1;1;1;1;1;1;1;3;Low;CC;Low/Medium;NA;GG
78;89857878087;Sport;39;Female;CA;GG;CC;CT;GA;CC;TT;GA;AA;LL;LS;NA;31;23;6;4;0;NA;NA;NA;NA;NA;NA;NA;NA;NA;NA;NA;NA;NA;NA;NA;NA;NA;NA;NA;NA;1;0;1;1;1;1;1;1;1;1;1;3;Medium/High;CT/TT;Low/Medium;NA;GG
79;89881471689;Sport;57;Female;CA;GG;CC;CT;AA;GC;CT;AA;AA;LS;LL;NA;27;30;8;2;4;60;75;69;37;65;50;75;69;46;31;44;62;56;62;37;69;85;87;87;81;0;0;0;0;0;0;0;0;0;0;0;0;Low;CT/TT;Low/Medium;CT/TT;GG
80;89994953632;Sport;38;Male;CA;GG;CC;TT;GA;CC;CC;GA;AA;LL;LL;NA;21;25;6;0;2;60;75;69;37;65;50;75;69;46;31;44;62;56;62;37;69;85;87;87;81;0;0;0;0;0;0;0;0;0;0;0;0;Low;CT/TT;Low/Medium;CC;GG
81;89996383678;Sport;30;Female;CA;GG;CC;CT;GA;CC;CT;AA;AA;LS;SS;NA;38;42;22;4;14;42;6;81;37;87;87;100;75;67;69;44;87;35;31;37;37;67;69;62;69;2;0;2;2;2;2;2;2;2;2;2;6;Medium/High;CT/TT;Low/Medium;CT/TT;GG
82;89996539811;Sport;39;Male;CC;GA;CC;CT;AA;CC;CT;AA;AA;LS;SS;NA;36;32;2;0;2;50;19;75;56;60;69;75;37;71;81;62;69;37;19;44;50;65;69;56;69;2;1;2;2;2;2;2;2;2;2;2;6;Medium/High;CT/TT;Low/Medium;CT/TT;GA/AA
83;89090797180;Sport;38;Female;CC;GG;CT;CT;GA;GC;CC;AA;AA;LS;LL;NA;58;60;30;16;18;27;44;19;19;83;100;100;50;65;56;37;100;58;75;62;37;87;94;69;100;0;0;0;0;0;0;0;0;0;0;0;0;Medium/High;CT/TT;High;CC;GG
84;89299988849;Sport;30;Male;CA;GG;CT;CT;GG;GC;CC;AA;AA;LL;LS;NA;30;31;8;4;6;81;75;87;81;92;100;94;81;79;69;75;94;23;44;19;6;92;87;100;87;1;0;1;1;1;1;1;1;1;1;1;3;Low;CT/TT;Low/Medium;CC;GG
87;89038698981;Sport;21;Male;CC;GA;CC;CT;GG;CC;CT;AA;AA;LL;LL;NA;38;36;8;4;4;79;75;81;81;67;75;75;50;69;50;75;81;37;44;25;44;67;69;37;94;0;1;0;0;0;0;0;0;0;0;0;0;Medium/High;CT/TT;Low/Medium;CT/TT;GA/AA
88;89506704440;Sport;22;Male;CA;GG;CC;CT;AA;CC;CC;AA;AA;LL;LS;NA;22;35;8;6;2;65;44;56;94;58;62;62;50;94;94;100;87;8;25;0;0;58;75;44;56;1;0;1;1;1;1;1;1;1;1;1;3;Low;CT/TT;Low/Medium;CC;GG
